[{
  "_id": {
    "$oid": "62a491a1cecb6c1b18a72152"
  },
  "from": "Максим",
  "to": {
    "$oid": "62a49128cecb6c1b18a72146"
  },
  "rating": 5,
  "comment": "Чудовий викладач та прекрасне пояснення!",
  "preparation": "Математика, Алгебра"
},{
  "_id": {
    "$oid": "62a49292cecb6c1b18a7215b"
  },
  "from": "Олена",
  "to": {
    "$oid": "62a901356f954fdaa28b986c"
  },
  "rating": 4,
  "comment": "Неймовірний викладач. Усе доступно пояснює",
  "preparation": "Органічна хімія"
},{
  "_id": {
    "$oid": "62a492accecb6c1b18a7215c"
  },
  "from": "Анна",
  "to": {
    "$oid": "62a8d75d57e634c819c9e20a"
  },
  "rating": 4,
  "comment": "Дякую. Фізика стала набагато зрозуміліша",
  "preparation": "Фізика, ЗНО"
},{
  "_id": {
    "$oid": "62a8ebf962c809444915de7c"
  },
  "from": "Орест",
  "to": {
    "$oid": "62a8ffa16f954fdaa28b9867"
  },
  "rating": 5,
  "comment": "My English is perfect now. Thanks",
  "preparation": "Розмовна англійська"
}]