[{
  "_id": {
    "$oid": "62a490d2cecb6c1b18a72145"
  },
  "name": "Юлія Коваленко",
  "experience": 2,
  "university": "Львівський національний університет імені Івана Франка\n",
  "fee_per_hour": "300",
  "faculty": "Механіко-математичний факультет",
  "phone": "+38 066 767 75 49",
  "instagram": "yuuuliiaaa",
  "telegram": "yuuuliiaaa",
  "description": "Я досвідчений репетитор (стаж більше 5 років) з математики, вища категорія, усуваються прогалини в знаннях, індивідуальні заняття з математики для учнів 1-11 класів, готую до здачі ЗНО, вступу до технікумів, ВНЗ. Працюю як психолог. Заняття у зручний для вас час. Виконую роботи з вищої математики студентам 1-2 курс.",
  "curRating": 4,
  "image": "images/Julia.jpg",
  "totalRating": 3,
  "subjects": "Математика"
},{
  "_id": {
    "$oid": "62a49128cecb6c1b18a72146"
  },
  "name": "Тетяна Дереш",
  "experience": 1,
  "university": "Національний університет «Львівська політехніка»",
  "fee_per_hour": "350",
  "faculty": "Комп'ютерні науки",
  "phone": "+38 066 337 67 49",
  "instagram": "de_tetiana",
  "telegram": "de_tetiana",
  "description": "Я допомагаю дітям зрозуміти та полюбити математику. Репетиторство - це моє хобі, оскільки люблю навчати дітей. Допоможу Вашій дитині зробити домашнє завдання та зрозуміти шкільний матеріал. Прищеплюю дитині навички самостійної роботи з навчальним матеріалом, розвиваю інтерес до предмету, допомагаю ліквідувати прогалини в знаннях. Усі заняття проходять на інтерактивній платформі.\nЗацікавлена, в першу чергу, в тому, щоб Ваша дитина отримала якісні знання, навчаючись онлайн.я допомагаю дітям зрозуміти та полюбити математику. Репетиторство - це моє хобі, оскільки люблю навчати дітей. Допоможу Вашій дитині зробити домашнє завдання та зрозуміти шкільний матеріал. Прищеплюю дитині навички самостійної роботи з навчальним матеріалом, розвиваю інтерес до предмету, допомагаю ліквідувати прогалини в знаннях. Усі заняття проходять на інтерактивній платформі.\nЗацікавлена, в першу чергу, в тому, щоб Ваша дитина отримала якісні знання, навчаючись онлайн.",
  "curRating": 5,
  "image": "images/Tetiana.jpg",
  "totalRating": 3,
  "subjects": "Математика"
},{
  "_id": {
    "$oid": "62a8d75d57e634c819c9e20a"
  },
  " faculty": "Факультет природничих наук",
  "fee_per_hour": "250",
  "curRating": "4.6",
  "description": "Я розумію все, про що Ви переживаєте, тому що я професійний педагог з 20-річним стажем. Зі мною учні захоплюються предметом, підвищують свою шкільну оцінку, успішно вступають до бажаних ВНЗ.\n\nЗвяжіться зі мною. Ми назначимо безкоштовну зустріч на пів години з учнем, щоб я зміг показати йому його здібності і чого може досягнути. А після будемо вирішувати про подальші дії.\n",
  "experience": "1",
  "image": "images/Bogdan.jpg",
  "instagram": "bogdankozach",
  "name": "Богдан Козаченко",
  "telegram": "bogdankozach",
  "totalRating": "3",
  "university": " Тернопільський національний педагогічний університет ім. В. Гнатюка",
  "phone": "+38 099 123 12 49",
  "subjects": "Фізика"
},{
  "_id": {
    "$oid": "62a8e7c362c809444915de68"
  },
  " faculty": "Факультет політології",
  "fee_per_hour": "380",
  "curRating": "5",
  "description": "Сертифікований викладач з досвідом більше 3 років!\nВикладаю як і діткам, так і дорослим.Індивідуальний та креативний підхід гарантовано!\nВважаю, що найголовніше у вивченні мови - це одразу ж застосовувати її на практиці, тому на заняттях в нас виключно англійська і ви точно заговорите!",
  "experience": "8",
  "image": "images/Olha.jpg",
  "instagram": "olhatkach",
  "name": "Ольга Ткаченко",
  "telegram": "olhatkach",
  "totalRating": "3",
  "university": " Прикарпатський національний університет ім. Стефаника",
  "phone": "+38 056 345 16 56",
  "subjects": "Англійська мова"
},{
  "_id": {
    "$oid": "62a8ffa16f954fdaa28b9867"
  },
  "name": "Марія Бондаренко",
  "experience": 3,
  "university": "Донецький національний університет",
  "fee_per_hour": "200",
  "faculty": "Факультет філології",
  "phone": "+38 066 853 75 49",
  "instagram": "maria.b",
  "telegram": "maria.b",
  "description": "Маю численні методичні розробки, які активно впроваджую в процес навчання. Під час занять використовую авторські посібники, розроблені з урахуванням індивідуальних можливостей учнів. Методи, що застосовуються під час навчання, спрямовані не тільки на формування теоретичної бази, а й на розвиток творчих здібностей, що є особливо важливим для написання твору ЗНО. Мої учні покращують рівень навчальної успішності, 90% з них демонструють високі результати при здачі ЗНО та ДПА, стають студентами провідних українських і зарубіжних вузів.",
  "curRating": 4.66,
  "image": "images/Mariia.jpg",
  "totalRating": 3,
  "subjects": "Англійська мова"
},{
  "_id": {
    "$oid": "62a901356f954fdaa28b986c"
  },
  " faculty": "Факультет природничих наук",
  "curRating": "4.97",
  "description": "Протягом 8 років допомагаю учням у розумінні, а не \"зубрежці\" хімії та біології. Заняття проходять за персональною програмою, яка враховує індивідуальні побажання та особливості кожного учня. Під час занять Ви не побачите \"стандартне вичитування\" матеріалу зі слайдів! Програма побудована навколо спілкування з учнем, що дозволяє ефективніше виявити \"прогалини\" та виправити їх. Завдяки цьому досягаються найвищі результати у шкільній успішності (стандартного та профільного рівня), ЗНО, ДПА, олімпіадах, МАН та екологічних проектах. Приємним бонусом є те, що під час заняття не витрачається час на записування, оскільки конспекти вже готові та чекають на вивчення. Варто також зазначити, що більша частина заняття приділяється саме різноманітним практичним завданням, починаючи від звичайних тестів, з одним або декількома варіантами відповідей і закінчуючи відкритими питаннями та завданнями. Якщо учневі потрібна допомога у підготовці до МАН або екологічного проекту, то проводиться не тільки підготовка до контрольних, але й курування самого проекту. Чекаю Вас на наших заняттях, в яких ми заглибимося у світ хімії та біології!",
  "experience": "4",
  "image": "images/Oleg.jpg",
  "instagram": "oleh_bil",
  "name": "Олег Більченко",
  "telegram": "oleh_bil",
  "totalRating": "3",
  "university": "Національний університет «Львівська політехніка»",
  "phone": "+38 067 255 12 49",
  "subjects": "Хімія",
  "fee_per_hour": "240"
}]